{
  "data": {
    "cost": {
      "services": 26058,
      "products": 160706.9099999998579733073711395263671875,
      "total": 186764.9099999998579733073711395263671875
    },
    "expected_profits": {
      "services": 26058,
      "products": 144648.9099999998579733073711395263671875
    },
    "count": {
      "products": 37,
      "services": 6,
      "total": 43
    }
  }
}
